SAV	Label	CDD_score	ΔΔG	Consensus_pathogenicity	PON-BTK_prediction
L402M	NA	2	2.62704	0.5833333333	P
L402P	XLA	-3	7.1806	1	P
L402Q	XLA	-3	0.76762	1	P
L402R	NA	-3	2.86277	1	P
L402V	NA	1	2.03268	0.1666666667	N
T403A	NA	0	0.53224	0.0833333333	N
T403I	NA	-1	-1.32434	0.4166666667	N
T403N	NA	0	-0.40739	0.4166666667	P
T403P	NA	-2	4.86115	0.6666666667	P
T403S	NA	1	0.32449	0	N
F404C	NA	-3	1.33742	0.75	P
F404I	NA	0	0.97378	0.1666666667	N
F404L	NA	2	0.601155	0.0833333333	N
F404S	NA	-3	2.26319	0.5	P
F404V	NA	-1	0.7629	0.5	P
F404Y	NA	2	0.224795	0.4166666667	N
L405F	NA	0	0.79907	0.0833333333	N
L405M	NA	2	1.21096	0	N
L405S	NA	-3	1.75568	0.5	P
L405V	NA	1	1.47459	0	N
L405W	NA	-2	0.634545	0.75	P
K406E	NA	0	0.633704	0.25	N
K406M	NA	-2	-0.40798	0.75	P
K406N	NA	-1	-0.04859	0.6666666667	P
K406Q	NA	1	-0.38069	0.25	N
K406R	NA	2	-0.959745	0	N
K406T	NA	-1	-0.124955	0.6666666667	P
E407A	NA	-2	0.235	0.4166666667	P
E407D	Putative neutral	4	0.309455	0.0833333333	N
E407G	NA	-2	1.91718	0.5	P
E407K	NA	0	0.02291	0.4166666667	P
E407Q	NA	1	-0.94416	0.25	N
E407V	NA	-3	-0.660415	0.4166666667	P
L408M	NA	2	2.34167	0.9090909091	P
L408P	XLA	-4	8.00835	1	P
L408Q	NA	-3	1.05529	1	P
L408R	NA	-3	2.7651	1	P
L408V	NA	0	1.48427	0.8181818182	P
G409A	NA	0	6.45781	1	P
G409E	NA	-3	5.30921	1	P
G409R	NA	-3	4.7421	1	P
G409V	NA	-4	5.89283	1	P
G409W	NA	-3	4.56732	1	P
T410A	NA	0	0.47905	0.1666666667	N
T410I	NA	-2	-0.35222	0.5	P
T410N	NA	0	0.95183	0.0833333333	N
T410P	NA	-1	2.08989	0.5	P
T410S	NA	3	0.25693	0	N
G411A	NA	0	-0.45558	1	P
G411E	NA	-3	-0.247865	1	P
G411R	NA	-3	-0.57373	1	P
G411V	NA	-4	-0.182115	1	P
Q412E	NA	2	1.37597	0.5454545455	P
Q412H	NA	0	-0.424155	0.8181818182	P
Q412K	NA	1	0.80361	0.7272727273	P
Q412L	NA	-3	-0.688885	0.4545454545	N
Q412P	NA	-2	-0.57355	0.9090909091	P
Q412R	NA	1	-0.41714	0.7272727273	P
F413C	NA	-3	1.10258	1	P
F413I	NA	-1	-0.02256	1	P
F413L	XLA	0	-0.35344	1	P
F413S	NA	-3	2.08596	1	P
F413V	NA	-1	0.98332	1	P
F413Y	NA	3	-1.23976	0.9090909091	P
G414A	NA	0	3.30266	1	P
G414E	NA	-3	4.30879	1	P
G414R	XLA	-3	9.13877	1	P
G414V	NA	-4	-0.27326	1	P
G414W	NA	-3	3.28223	1	P
V415A	NA	-1	0.07304	0.6666666667	P
V415E	NA	-3	0.930936	0.9166666667	P
V415G	NA	-4	1.73969	0.9166666667	P
V415I	NA	2	-1.56066	0.25	N
V415L	NA	0	-1.43649	0.3333333333	N
V416A	NA	-1	3.21795	1	P
V416E	NA	-3	4.01227	1	P
V416G	NA	-4	4.5189	1	P
V416L	NA	0	-0.27673	1	P
V416M	NA	0	1.38799	1	P
K417E	NA	1	0.84145	0.5	P
K417M	NA	-2	-0.161235	0.6666666667	P
K417N	NA	-1	-0.324055	0.5	P
K417Q	Putative neutral	4	-0.41891	0.1666666667	N
K417R	NA	2	-0.7998	0.1666666667	N
K417T	NA	-1	0.06905	0.4166666667	P
Y418C	NA	-3	1.40501	0.75	P
Y418D	NA	-4	3.23079	0.6666666667	P
Y418F	NA	2	-0.077115	0.1666666667	N
Y418H	XLA	1	1.01551	0.4166666667	P
Y418N	NA	-3	1.46684	0.5833333333	P
Y418S	NA	-2	2.82855	0.3333333333	N
G419A	NA	0	5.53366	0.9166666667	P
G419E	XLA	-3	7.19445	1	P
G419R	XLA	-3	5.34439	1	P
G419V	NA	-4	6.04443	1	P
G419W	NA	-3	10.7809	1	P
K420E	NA	0	3.12706	0.3333333333	N
K420I	NA	-3	0.50822	0.75	P
K420N	NA	-1	1.48112	0.5833333333	P
K420Q	NA	1	0.98291	0.1666666667	N
K420R	NA	2	-0.12008	0	N
K420T	NA	-1	2.13537	0.4166666667	P
W421C	NA	-3	2.47675	0.8333333333	P
W421G	NA	-3	5.2447	0.9166666667	P
W421L	NA	-2	0.661425	0.5	P
W421R	NA	-3	1.6912	0.9166666667	P
W421S	NA	-3	3.91826	0.9166666667	P
R422G	NA	-3	2.96249	0.75	P
R422I	NA	-3	0.891115	0.8333333333	P
R422K	NA	3	1.40904	0	N
R422S	NA	-1	2.09532	0.6666666667	P
R422T	NA	-1	1.5094	0.5833333333	P
G423A	NA	0	0.297735	0.4545454545	P
G423C	NA	-3	-0.96789	1	P
G423D	NA	-2	1.02454	0.6363636364	P
G423R	NA	-3	0.967435	0.9090909091	P
G423S	NA	-1	0.0718	0.4545454545	P
G423V	NA	-4	-0.122635	0.9090909091	P
Q424E	NA	1	1.3763	0.0833333333	N
Q424H	NA	0	0.89782	0.1666666667	N
Q424K	NA	3	0.50954	0.0833333333	N
Q424L	NA	-3	0.161825	0.4166666667	P
Q424P	NA	-2	14.2859	0.6666666667	P
Q424R	NA	1	-0.61452	0.1666666667	N
Y425C	NA	-3	0.502205	0.5833333333	P
Y425D	NA	-3	2.02092	0.5	P
Y425F	NA	2	-0.325855	0.1666666667	N
Y425H	Putative neutral	5	-0.04614	0.1666666667	N
Y425N	NA	-2	0.858565	0.4166666667	N
Y425S	NA	-2	1.42324	0.3333333333	N
D426A	NA	-2	-0.121825	0.1666666667	N
D426E	NA	1	-0.06095	0	N
D426G	NA	-2	0.921265	0.3333333333	N
D426H	NA	-1	-0.71881	0.1666666667	N
D426N	Putative neutral	4	-1.40749	0	N
D426V	NA	-4	-0.67528	0.6666666667	P
D426Y	NA	-3	-0.9919	0.75	P
V427A	NA	-1	3.04538	1	P
V427E	NA	-3	2.14983	1	P
V427G	NA	-4	3.99469	1	P
V427L	NA	0	1.71356	0.7272727273	P
V427M	NA	0	1.26903	1	P
A428D	NA	-2	1.91598	1	P
A428G	NA	0	2.12478	0.9090909091	P
A428P	NA	-1	7.42855	0.9090909091	P
A428S	NA	1	0.188185	0.9090909091	P
A428T	NA	0	-0.63826	1	P
A428V	NA	-1	0.3665	1	P
I429F	NA	-1	1.27406	0.75	P
I429L	NA	1	1.77059	0.6666666667	P
I429M	NA	1	2.44334	0.75	P
I429N	XLA	-4	2.56907	0.9166666667	P
I429S	NA	-3	3.9679	0.9166666667	P
I429T	NA	-1	2.75865	0.75	P
I429V	NA	3	1.93656	0	N
K430E	XLA	0	3.26342	1	P
K430M	NA	-2	1.5934	1	P
K430N	NA	-1	1.50798	1	P
K430Q	NA	1	0.704605	1	P
K430R	XLA	2	-0.55723	0.9090909091	P
K430T	NA	-1	1.85079	1	P
M431I	NA	1	-0.512665	0.5833333333	P
M431K	NA	-2	0.48089	0.6666666667	P
M431L	NA	2	-1.30821	0.6666666667	P
M431R	NA	-2	-0.47325	0.8333333333	P
M431T	NA	-1	0.631885	0.3333333333	N
M431V	NA	0	0.094375	0.4166666667	N
I432F	NA	-1	0.963725	0.75	P
I432L	NA	1	0.903815	0.1666666667	N
I432M	NA	1	2.35806	0.4166666667	P
I432N	NA	-4	1.81778	0.8333333333	P
I432S	NA	-3	3.11328	0.8333333333	P
I432T	NA	-1	2.07051	0.8333333333	P
I432V	NA	2	0.840015	0.0833333333	N
K433E	NA	0	0.463844	0.75	P
K433I	NA	-3	-2.18657	0.8333333333	P
K433N	NA	-1	-0.5174	0.3333333333	N
K433Q	NA	1	-1.4118	0.4166666667	P
K433R	Putative neutral	4	-1.4477	0.0833333333	N
K433T	NA	-1	-0.612745	0.75	P
E434A	NA	-1	0.056035	0.7272727273	P
E434D	NA	1	-0.270605	0.5454545455	P
E434G	NA	-3	0.00235	0.8181818182	P
E434K	NA	0	-0.730344	0.9090909091	P
E434Q	NA	2	-1.56073	0.5454545455	P
E434V	NA	-3	-0.93967	0.7272727273	P
G435A	NA	0	0.63719	0.7272727273	P
G435C	NA	-3	-0.26107	0.9090909091	P
G435D	NA	-2	0.794021	0.9090909091	P
G435R	NA	-3	1.06222	0.9090909091	P
G435S	NA	-1	-0.028255	0.7272727273	P
G435V	NA	-4	-0.44804	0.8181818182	P
S436A	NA	1	-0.05363	0	N
S436C	NA	-1	-1.0762	0.5	P
S436F	NA	-3	-2.72313	0.5	P
S436P	NA	-1	8.02544	0.75	P
S436T	NA	1	-1.31357	0	N
S436Y	NA	-2	-1.97202	0.5	P
M437I	NA	1	-1.36561	0.75	P
M437K	NA	-2	-0.18099	0.8333333333	P
M437L	NA	2	-0.690785	0.5833333333	P
M437R	NA	-2	-0.72443	0.8333333333	P
M437T	NA	-1	0.9785	0.75	P
M437V	NA	0	0.038875	0.75	P
S438A	NA	1	-0.45275	0.0833333333	N
S438C	NA	-1	-1.12332	0.4166666667	P
S438F	NA	-3	-1.60623	0.75	P
S438P	NA	-1	2.68163	0.75	P
S438T	NA	1	-0.831465	0.3333333333	N
S438Y	NA	-2	-1.90079	0.75	P
E439A	NA	-1	0.415905	0.6363636364	P
E439D	NA	1	0.06229	0.6363636364	P
E439G	NA	-3	1.64533	0.7272727273	P
E439K	NA	0	-0.881045	0.7272727273	P
E439Q	NA	2	-1.64736	0.6363636364	P
E439V	NA	-3	-0.60568	0.6363636364	P
D440A	NA	-2	-0.773745	0.5454545455	P
D440E	NA	1	-0.418845	0.1818181818	N
D440G	NA	-2	-0.123855	0.5454545455	P
D440H	NA	-2	-1.12879	0.6363636364	P
D440N	NA	1	-0.67113	0.5454545455	P
D440V	NA	-4	-1.46826	0.6363636364	P
D440Y	NA	-4	-0.985985	0.8181818182	P
E441A	NA	-2	0.244725	0.4166666667	P
E441D	Putative neutral	4	0.66989	0	N
E441G	NA	-2	1.09928	0.75	P
E441K	NA	0	0.468035	0.5	P
E441Q	NA	1	-0.86445	0.1666666667	N
E441V	NA	-3	-0.20406	0.5833333333	P
F442C	NA	-3	1.76179	1	P
F442I	NA	-1	0.91591	0.8181818182	P
F442L	NA	0	1.95856	0.8181818182	P
F442S	NA	-3	3.05	0.9090909091	P
F442V	NA	-1	2.39436	0.8181818182	P
F442Y	NA	3	-0.48288	0.7272727273	P
I443F	Putative neutral	4	0.120505	0.1666666667	N
I443L	NA	1	-0.3233	0.1666666667	N
I443M	NA	1	1.23773	0.25	N
I443N	NA	-4	0.725655	0.8333333333	P
I443S	NA	-3	2.08735	0.5833333333	P
I443T	NA	-2	1.06033	0.75	P
I443V	NA	2	0.300475	0.0833333333	N
E444A	NA	-2	0.332155	0	N
E444D	NA	3	0.617645	0.0833333333	N
E444G	NA	-2	1.31879	0.3333333333	N
E444K	NA	0	0.12185	0.3333333333	N
E444Q	Putative neutral	4	-1.1026	0	N
E444V	NA	-3	-0.59351	0.5	P
E445A	NA	-1	-0.014769	1	P
E445D	XLA	1	0.10575	1	P
E445G	NA	-3	1.48705	1	P
E445K	NA	0	-0.166649	1	P
E445Q	NA	2	-1.40195	1	P
E445V	NA	-3	-1.21674	1	P
A446D	NA	-2	0.380141	1	P
A446G	NA	0	1.72365	0.8181818182	P
A446P	NA	-1	30.7033	1	P
A446S	NA	1	0.026935	0.7272727273	P
A446T	NA	0	-0.115475	0.7272727273	P
A446V	NA	-1	-0.268565	0.7272727273	P
K447E	NA	1	2.53147	0.1666666667	N
K447I	NA	-3	0.29491	0.6666666667	P
K447N	NA	-1	0.51216	0.3333333333	N
K447Q	Putative neutral	4	0.19247	0	N
K447R	NA	2	-0.133895	0.0833333333	N
K447T	NA	-1	0.84549	0.4166666667	P
V448A	NA	-1	1.73481	0.3333333333	N
V448D	NA	-3	1.92994	0.9166666667	P
V448F	NA	-1	-0.144285	0.75	P
V448G	NA	-3	2.08888	0.75	P
V448I	NA	3	-0.648395	0	N
V448L	NA	0	-0.86909	0	N
M449I	NA	1	-1.59745	0.8181818182	P
M449K	NA	-2	-0.90472	0.9090909091	P
M449L	NA	2	-1.21618	0.7272727273	P
M449R	NA	-2	-2.4852	1	P
M449T	NA	-1	0.93823	0.8181818182	P
M449V	NA	0	-0.254605	0.8181818182	P
M450I	XLA	1	-0.62871	0.5	P
M450K	NA	-2	0.480075	0.5	P
M450L	NA	2	-0.51218	0.5833333333	P
M450R	NA	-2	0.537445	0.75	P
M450T	NA	-1	0.71295	0.4166666667	P
M450V	NA	0	-0.080075	0.5833333333	P
N451D	NA	0	0.49905	0.1666666667	N
N451H	NA	0	-0.94238	0.1666666667	N
N451I	NA	-4	-1.35528	0.6666666667	P
N451K	Putative neutral	4	-0.4742	0	N
N451S	NA	0	-0.7013	0.1666666667	N
N451T	NA	-1	-0.94311	0.1666666667	N
N451Y	NA	-3	-1.23002	0.5	P
L452F	NA	0	0.590555	0.4545454545	P
L452H	NA	-3	0.88151	1	P
L452I	NA	1	0.345555	0.7272727273	P
L452P	XLA	-4	8.97559	1	P
L452R	NA	-3	-0.27906	1	P
L452V	NA	0	1.13797	0.8181818182	P
S453A	NA	0	-0.12501	0.0833333333	N
S453C	NA	-2	-1.28383	0.3333333333	N
S453F	NA	-3	-1.72297	0.75	P
S453P	NA	-2	4.59589	0.5833333333	P
S453T	NA	1	-0.613735	0	N
S453Y	NA	-1	-1.06727	0.6666666667	P
H454D	NA	-2	1.83027	1	P
H454L	NA	-3	-0.32787	1	P
H454N	NA	0	0.2049	1	P
H454P	NA	-3	7.58806	0.9090909091	P
H454Q	NA	0	5.12336	1	P
H454R	XLA	-1	3.8753	1	P
H454Y	NA	1	0.104675	0.9090909091	P
E455A	NA	-1	0.26925	0.1666666667	N
E455D	NA	1	0.27752	0.1666666667	N
E455G	NA	-3	0.672845	0.1666666667	N
E455K	NA	0	-1.31835	0.1666666667	N
E455Q	NA	1	-1.66746	0	N
E455V	NA	-3	-1.18901	0.4166666667	P
K456E	NA	0	5.51884	0.6666666667	P
K456M	NA	-2	2.28763	0.9166666667	P
K456N	NA	3	1.52318	0	N
K456Q	NA	1	2.79725	0.5	P
K456R	NA	1	0.291895	0.1666666667	N
K456T	NA	-1	1.85539	0.6666666667	P
L457M	NA	2	2.21974	0.8181818182	P
L457P	NA	-4	9.1154	0.8181818182	P
L457Q	NA	-3	1.40191	0.9090909091	P
L457R	NA	-3	0.022065	1	P
L457V	NA	0	1.49949	0.6363636364	P
V458A	NA	-1	2.24018	0.9090909091	P
V458E	NA	-3	4.25843	1	P
V458G	NA	-4	4.28751	1	P
V458L	NA	0	2.50904	0.6363636364	P
V458M	NA	0	2.31283	1	P
Q459E	NA	1	1.67202	0.1666666667	N
Q459H	NA	0	-0.8779	0.4166666667	P
Q459K	NA	3	0.643985	0.0833333333	N
Q459L	NA	-3	-1.24728	0.4166666667	N
Q459P	NA	-2	1.401	0.6666666667	P
Q459R	NA	1	0.741255	0.0833333333	N
L460F	Putative neutral	4	-0.98409	0.5	P
L460M	NA	1	1.66656	0.9166666667	P
L460S	NA	-3	3.24877	1	P
L460V	NA	0	0.629475	0.8333333333	P
L460W	NA	-1	0.16547	1	P
Y461C	NA	-3	1.21165	0.9090909091	P
Y461D	NA	-4	3.08258	0.9090909091	P
Y461F	NA	3	-0.266345	0.5454545455	P
Y461H	NA	1	0.4157	0.8181818182	P
Y461N	NA	-3	1.46857	0.9090909091	P
Y461S	NA	-2	2.48493	0.8181818182	P
G462A	NA	0	2.88547	0.9090909091	P
G462C	NA	-3	1.35216	1	P
G462D	XLA	-2	6.26248	1	P
G462R	NA	-3	7.67888	1	P
G462S	NA	-1	2.45131	1	P
G462V	XLA	-4	8.48642	1	P
V463A	NA	-1	1.82503	1	P
V463D	NA	-4	2.75662	1	P
V463F	NA	-1	2.36595	1	P
V463G	NA	-4	3.53072	1	P
V463I	NA	2	-1.97647	0.7272727273	P
V463L	NA	0	-0.54083	0.8181818182	P
C464F	NA	-3	2.09152	0.9166666667	P
C464G	NA	-3	3.31166	1	P
C464R	NA	-4	3.23674	1	P
C464S	NA	-1	1.96322	0.8333333333	P
C464W	NA	-3	0.174805	1	P
C464Y	NA	-3	1.59095	1	P
T465A	NA	0	0.36697	0.3333333333	N
T465I	NA	-2	-1.82144	0.6666666667	P
T465N	NA	0	-0.80291	0.75	P
T465P	NA	-1	-0.25708	0.8333333333	P
T465S	NA	3	-0.089105	0.0833333333	N
K466E	NA	0	1.07943	0.0833333333	N
K466M	NA	-2	-0.086255	0.5833333333	P
K466N	NA	-1	-0.06443	0.4166666667	P
K466Q	NA	1	-0.404095	0	N
K466R	NA	1	-0.25981	0	N
K466T	NA	2	-0.18283	0.0833333333	N
Q467E	Putative neutral	4	0.875373	0	N
Q467H	NA	0	-0.253705	0.0833333333	N
Q467K	NA	1	0.45636	0.0833333333	N
Q467L	NA	-3	-0.206355	0.25	N
Q467P	NA	-2	4.81106	0.5833333333	P
Q467R	NA	0	0.081285	0.0833333333	N
R468C	NA	-4	-0.58346	0.8333333333	P
R468G	NA	-3	1.44597	0.3333333333	N
R468H	NA	0	0.709765	0.4166666667	P
R468L	NA	-2	0.575525	0.4166666667	P
R468P	NA	-3	2.26623	0.5833333333	P
R468S	NA	-1	0.607605	0.25	N
P469A	NA	-1	1.34683	0.7272727273	P
P469H	NA	-3	0.92432	1	P
P469L	NA	-4	-0.53176	1	P
P469R	NA	-3	1.35958	1	P
P469S	NA	-1	1.83106	0.7272727273	P
P469T	NA	-2	0.736205	0.7272727273	P
I470F	NA	-1	1.3286	0.5454545455	P
I470L	NA	1	0.028885	0.0909090909	N
I470M	NA	1	1.78876	0.3636363636	N
I470N	NA	-4	1.79372	0.8181818182	P
I470S	NA	-3	2.90503	0.7272727273	P
I470T	NA	-1	1.91257	0.6363636364	P
I470V	NA	2	1.47521	0.2727272727	N
F471C	NA	-3	1.28816	0.5833333333	P
F471I	NA	-1	0.83118	0.6666666667	P
F471L	NA	-1	0.119785	0.4166666667	P
F471S	NA	-3	2.69398	0.75	P
F471V	NA	-2	2.03481	0.6666666667	P
F471Y	Putative neutral	6	-0.025275	0	N
I472F	NA	-1	0.550075	1	P
I472L	NA	1	0.44879	0.3333333333	N
I472M	NA	1	1.17991	0.8333333333	P
I472N	NA	-4	1.64673	0.9166666667	P
I472S	NA	-3	3.16781	1	P
I472T	NA	-1	1.90238	1	P
I472V	NA	2	1.02258	0.3333333333	N
I473F	NA	-1	3.35319	0.9166666667	P
I473L	NA	1	0.558845	0.5	P
I473M	NA	1	2.96027	0.8333333333	P
I473N	NA	-4	1.5137	0.8333333333	P
I473S	NA	-3	3.40812	0.75	P
I473T	NA	-1	1.93489	0.9166666667	P
I473V	Putative neutral	4	0.90593	0	N
T474A	NA	0	2.11213	0.5	P
T474I	NA	-1	0.42903	0.6666666667	P
T474N	NA	0	-0.316495	0.6666666667	P
T474P	NA	-2	4.89917	0.9166666667	P
T474S	NA	1	1.24612	0.5833333333	P
E475A	NA	-1	1.22337	1	P
E475D	NA	1	1.06195	1	P
E475G	NA	-3	2.82869	1	P
E475K	NA	0	1.06359	1	P
E475Q	NA	2	-1.08492	1	P
E475V	NA	-3	-0.14759	1	P
Y476C	NA	-3	1.99195	1	P
Y476D	XLA	-4	3.13483	1	P
Y476F	Putative neutral	5	-0.34844	0	N
Y476H	NA	1	0.980835	0.8333333333	P
Y476N	NA	-3	2.46926	1	P
Y476S	NA	-2	3.45113	0.8333333333	P
M477I	NA	3	1.7039	0.4166666667	N
M477K	NA	-3	1.03543	0.9166666667	P
M477L	NA	3	0.15832	0.4166666667	N
M477R	XLA	-3	7.49834	0.9166666667	P
M477T	NA	-1	0.663475	0.8333333333	P
M477V	NA	1	2.31935	0.75	P
A478D	NA	-1	0.287425	0.3333333333	N
A478G	NA	0	1.11112	0.0833333333	N
A478P	NA	-1	-1.13424	0.25	N
A478S	Putative neutral	4	-0.099165	0	N
A478T	NA	0	0.644915	0.0833333333	N
A478V	NA	-1	-0.630355	0.1666666667	N
N479D	NA	1	1.48108	0.5	P
N479H	NA	0	0.13388	0.4166666667	N
N479I	NA	-4	-0.388665	0.8333333333	P
N479K	NA	-1	-0.139915	0.5	P
N479S	NA	0	0.850395	0.5833333333	P
N479T	NA	0	0.22558	0.6666666667	P
N479Y	NA	-3	-0.49954	0.4166666667	P
G480A	NA	0	-0.01787	1	P
G480C	NA	-3	-1.38435	0.9090909091	P
G480D	NA	-2	0.394335	1	P
G480R	NA	-3	-1.25816	1	P
G480S	NA	-1	-0.233665	1	P
G480V	NA	-4	-1.2411	1	P
C481F	NA	-3	-1.04934	0.8333333333	P
C481G	NA	-3	2.33967	0.6666666667	P
C481R	NA	-4	-0.818995	1	P
C481S	NA	-1	1.03441	0.5	P
C481W	NA	-3	0.558625	0.8333333333	P
C481Y	NA	-3	-0.63611	0.8333333333	P
L482F	NA	0	-0.164925	1	P
L482H	NA	-3	0.652065	1	P
L482I	NA	1	1.38529	1	P
L482P	NA	-4	38.8542	1	P
L482R	NA	-3	0.777945	1	P
L482V	NA	0	2.14494	0.9090909091	P
L483M	NA	2	1.79321	0.8181818182	P
L483P	NA	-4	11.7968	1	P
L483Q	NA	-3	1.80894	0.9090909091	P
L483R	NA	-3	1.46554	0.9090909091	P
L483V	NA	0	1.12731	0.6363636364	P
N484D	NA	1	0.284835	0.0833333333	N
N484H	NA	0	-1.17277	0.25	N
N484I	NA	-3	-1.71179	0.5833333333	P
N484K	NA	-1	-0.697695	0.3333333333	N
N484S	NA	1	-0.799215	0.0833333333	N
N484T	NA	3	-0.180035	0	N
N484Y	NA	-3	-0.129105	0.5833333333	P
Y485C	NA	-3	1.40638	0.9166666667	P
Y485D	NA	-4	3.34569	1	P
Y485F	Putative neutral	5	-0.595755	0.0833333333	N
Y485H	NA	1	0.64855	0.5833333333	P
Y485N	NA	-3	1.43002	0.75	P
Y485S	NA	-2	2.65035	0.6666666667	P
L486M	NA	2	2.13999	1	P
L486P	XLA	-4	37.9255	1	P
L486Q	NA	-3	0.453225	1	P
L486R	NA	-3	5.41563	1	P
L486V	NA	0	1.91667	0.9166666667	P
R487G	NA	-3	2.93842	1	P
R487K	NA	2	1.05872	0.0833333333	N
R487M	NA	-2	0.758755	0.8333333333	P
R487S	NA	-1	1.59953	0.6666666667	P
R487T	NA	-2	1.16446	0.75	P
R487W	NA	-3	-0.099185	0.8333333333	P
E488A	NA	-1	0.868041	0.0833333333	N
E488D	NA	1	0.44164	0	N
E488G	NA	-2	1.60068	0.0833333333	N
E488K	NA	0	-0.142529	0.0833333333	N
E488Q	NA	1	-1.56485	0	N
E488V	NA	-3	-2.17519	0.1666666667	N
M489I	NA	-2	-0.77302	0	N
M489K	NA	-2	0.01638	0	N
M489L	NA	-1	-0.8644	0	N
M489R	NA	-2	-0.01917	0	N
M489T	NA	2	-0.66742	0	N
M489V	NA	-2	-0.28484	0	N
R490C	NA	-3	0.131895	0.75	P
R490G	NA	3	1.71815	0	N
R490H	NA	-1	0.831865	0	N
R490L	NA	1	0.479025	0.0833333333	N
R490P	NA	-3	4.38475	0.4166666667	N
R490S	NA	-1	0.710425	0	N
H491D	NA	-1	2.86932	0	N
H491L	NA	-3	-0.783235	0	N
H491N	NA	0	1.27323	0	N
H491P	NA	-2	5.89987	0.3333333333	N
H491Q	NA	1	-0.44674	0	N
H491R	Putative neutral	4	0.25092	0	N
H491Y	NA	-1	0.23586	0.4166666667	P
R492C	NA	-4	-1.00632	0.6666666667	P
R492G	NA	3	1.90806	0	N
R492H	Putative neutral	5	0.015	0	N
R492L	NA	-3	-0.258155	0.0833333333	N
R492P	NA	-3	11.8229	0.3333333333	N
R492S	NA	-1	-0.229255	0	N
F493C	NA	-3	1.68572	0.6666666667	P
F493I	NA	0	1.71675	0.25	N
F493L	NA	2	0.328545	0.0833333333	N
F493S	NA	-2	2.96442	0.3333333333	N
F493V	NA	-1	1.38644	0.1666666667	N
F493Y	NA	1	-0.59166	0.0833333333	N
Q494E	NA	3	1.31942	0	N
Q494H	NA	-1	0.513765	0	N
Q494K	NA	0	0.54825	0.0833333333	N
Q494L	NA	-3	-0.09179	0.0833333333	N
Q494P	NA	-2	1.52651	0.25	N
Q494R	NA	0	-0.441525	0	N
T495A	NA	-1	0.801815	0	N
T495I	NA	-1	-1.06898	0	N
T495N	NA	-2	0.974245	0	N
T495P	Putative neutral	6	0.59502	0.0833333333	N
T495S	NA	-1	0.7051	0	N
Q496E	NA	0	1.47574	0	N
Q496H	NA	-2	0.12078	0	N
Q496K	NA	-1	-0.036365	0.0833333333	N
Q496L	NA	-1	-0.63397	0	N
Q496P	NA	-2	3.03794	0.0833333333	N
Q496R	NA	-1	-0.49844	0	N
Q497E	NA	3	1.33746	0	N
Q497H	NA	0	0.665845	0.0833333333	N
Q497K	NA	1	0.969875	0.1666666667	N
Q497L	NA	-3	0.0415	0.25	N
Q497P	NA	-2	5.35821	0.75	P
Q497R	NA	0	-0.03258	0.1666666667	N
L498M	NA	2	1.5691	1	P
L498P	NA	-4	19.3792	1	P
L498Q	NA	-3	0.44851	1	P
L498R	NA	-3	0.5686	1	P
L498V	NA	0	1.8291	0.8181818182	P
L499I	NA	1	-0.34226	0.5454545455	P
L499P	NA	-4	35.3562	1	P
L499Q	NA	-3	0.71196	0.9090909091	P
L499R	NA	-3	0.918415	1	P
L499V	NA	0	1.39941	0.4545454545	P
E500A	NA	-1	-0.88818	0.1666666667	N
E500D	NA	1	0.19789	0	N
E500G	NA	-3	0.14417	0.3333333333	N
E500K	NA	0	-1.66396	0.25	N
E500Q	NA	2	-2.53397	0.1666666667	N
E500V	NA	-3	-2.21464	0.5	P
M501I	NA	1	-1.00718	0.5833333333	P
M501K	NA	-2	-0.438405	0.9166666667	P
M501L	NA	2	-0.974765	0.5	P
M501R	NA	-2	1.26501	1	P
M501T	XLA	-1	1.16232	0.6666666667	P
M501V	NA	0	0.150585	0.5833333333	P
C502F	XLA	-3	-0.41201	1	P
C502G	NA	-3	3.12953	0.8333333333	P
C502R	XLA	-4	-1.85879	1	P
C502S	NA	-1	1.01222	0.5	P
C502W	XLA	-3	1.28488	1	P
C502Y	NA	-3	0.38277	1	P
K503E	NA	0	2.60585	0.1666666667	N
K503M	NA	-2	0.03077	0.1666666667	N
K503N	NA	-1	-0.363665	0.1666666667	N
K503Q	NA	0	-0.142645	0.0833333333	N
K503R	NA	1	-0.419655	0	N
K503T	NA	-1	0.69579	0.0833333333	N
D504A	NA	-2	-0.321273	0.8333333333	P
D504E	NA	1	-0.509185	0.6666666667	P
D504G	NA	-2	2.1811	0.9166666667	P
D504H	NA	-2	-1.75351	0.8333333333	P
D504N	NA	1	-2.54359	0.6666666667	P
D504V	XLA	-4	0.661377	1	P
D504Y	NA	-4	-2.53932	1	P
V505A	NA	-1	1.19416	0.75	P
V505D	NA	-4	1.47742	1	P
V505F	XLA	-1	-2.52264	0.8333333333	P
V505G	NA	-4	2.86388	0.9166666667	P
V505I	NA	2	-1.92118	0	N
V505L	NA	0	-1.66045	0.5	P
C506F	XLA	-3	0.85612	1	P
C506G	NA	-2	2.98289	0.9166666667	P
C506R	XLA	-3	-0.67758	1	P
C506S	NA	2	1.12997	0.4166666667	N
C506W	NA	-3	0.706	1	P
C506Y	XLA	-3	3.84678	1	P
E507A	NA	-1	0.254845	0.5833333333	P
E507D	NA	1	0.866645	0.4166666667	P
E507G	NA	-3	1.44719	0.75	P
E507K	NA	0	-0.51342	0.3333333333	N
E507Q	NA	2	-1.98569	0.5	P
E507V	NA	-3	-1.10035	0.75	P
A508D	XLA	-2	2.94066	0.9166666667	P
A508G	Putative neutral	5	1.51232	0.0833333333	N
A508P	NA	-2	29.0359	0.9166666667	P
A508S	NA	0	-0.21358	0.6666666667	P
A508T	NA	-1	0.906	0.75	P
A508V	NA	-2	1.88017	0.8333333333	P
M509I	XLA	1	-0.717015	1	P
M509K	NA	-2	0.515205	1	P
M509L	NA	2	-0.94173	1	P
M509R	NA	-2	1.46727	1	P
M509T	XLA	-1	0.680935	1	P
M509V	XLA	0	0.33191	1	P
E510A	NA	3	-0.55001	0	N
E510D	NA	0	0.418095	0.0833333333	N
E510G	NA	-1	1.60116	0.25	N
E510K	NA	0	-0.61859	0.0833333333	N
E510Q	NA	0	-1.67263	0.0833333333	N
E510V	NA	-2	-1.64922	0.1666666667	N
Y511C	NA	-3	1.04702	1	P
Y511D	NA	-4	2.56269	1	P
Y511F	Putative neutral	5	-0.42274	0.4166666667	N
Y511H	NA	1	0.430735	0.75	P
Y511N	XLA	-3	1.16362	1	P
Y511S	NA	-2	1.92436	0.9166666667	P
L512M	NA	2	1.83789	0.9090909091	P
L512P	XLA	-4	32.9936	1	P
L512Q	XLA	-3	0.750705	0.9090909091	P
L512R	NA	-3	1.56809	1	P
L512V	NA	0	1.81158	0.9090909091	P
E513A	NA	-1	0.034694	0.5454545455	P
E513D	NA	1	1.00764	0.6363636364	P
E513G	NA	-3	1.35166	0.9090909091	P
E513K	NA	0	1.10839	1	P
E513Q	NA	2	-0.892621	0.6363636364	P
E513V	NA	-3	-1.54407	0.8181818182	P
S514A	NA	1	0.32491	0.0833333333	N
S514L	NA	-3	-1.39482	0.5833333333	P
S514P	NA	-1	14.9599	0.6666666667	P
S514T	NA	1	-0.632155	0	N
K515E	NA	0	0.54599	0.25	N
K515M	NA	-2	-0.260525	0.3333333333	N
K515N	NA	0	-0.41272	0.25	N
K515Q	NA	1	-1.15571	0	N
K515R	NA	1	-0.53325	0	N
K515T	NA	-1	-0.746875	0.25	N
Q516E	NA	2	1.65729	0.3333333333	N
Q516H	NA	0	1.45034	0.4166666667	P
Q516K	NA	1	1.15064	0.25	N
Q516L	NA	-3	0.71033	0.5	P
Q516P	NA	-2	10.1516	0.5833333333	P
Q516R	NA	1	1.11745	0.25	N
F517C	NA	-3	2.22978	1	P
F517I	NA	-1	0.829905	0.6666666667	P
F517L	NA	0	1.13122	0.5833333333	P
F517S	NA	-3	3.64658	0.9166666667	P
F517V	NA	-1	2.06269	0.6666666667	P
F517Y	Putative neutral	5	-0.637645	0.0833333333	N
L518F	NA	0	-0.20012	0.75	P
L518H	NA	-4	0.86667	0.9166666667	P
L518I	Putative neutral	4	-0.344075	0	N
L518P	NA	-3	1.26821	1	P
L518R	XLA	-3	0.374045	0.9166666667	P
L518V	NA	2	0.86508	0.25	N
H519D	NA	-2	2.63584	1	P
H519L	NA	-3	0.115065	1	P
H519N	XLA	0	0.964835	1	P
H519P	NA	-3	2.34525	1	P
H519Q	XLA	0	1.2234	1	P
H519R	NA	-1	0.25896	1	P
H519Y	NA	1	0.372965	1	P
R520G	XLA	-3	1.74272	1	P
R520L	NA	-3	-0.77497	1	P
R520P	NA	-3	6.20748	1	P
R520Q	XLA	1	0.85278	1	P
D521A	NA	-2	-0.931518	1	P
D521E	NA	1	-0.0943	1	P
D521G	XLA	-2	0.287437	1	P
D521H	XLA	-2	-3.30348	1	P
D521N	XLA	1	-2.64674	1	P
D521V	NA	-4	-2.81484	1	P
D521Y	NA	-4	-2.86466	1	P
L522M	NA	2	3.29606	1	P
L522P	XLA	-4	3.30349	1	P
L522Q	NA	-3	0.172035	1	P
L522R	NA	-3	2.20579	1	P
L522V	NA	0	1.62416	1	P
A523E	XLA	-1	1.23701	1	P
A523G	NA	0	2.19662	0.9090909091	P
A523P	NA	-1	13.4695	0.8181818182	P
A523S	NA	1	-0.28164	0.8181818182	P
A523T	NA	0	0.83011	0.8181818182	P
A523V	XLA	-1	1.01531	0.9090909091	P
A524D	NA	-2	0.572375	0.9090909091	P
A524G	NA	0	1.67289	0.8181818182	P
A524P	XLA	-1	-0.063955	0.9090909091	P
A524S	NA	1	-0.472325	0.6363636364	P
A524T	NA	0	-1.16096	0.8181818182	P
A524V	NA	-1	-0.95953	0.9090909091	P
R525G	XLA	-3	3.80417	1	P
R525L	NA	-3	0.419405	0.9090909091	P
R525P	XLA	-3	3.27148	1	P
R525Q	XLA	1	2.25093	1	P
N526D	NA	1	1.78464	0.9090909091	P
N526H	NA	0	-0.083415	0.9090909091	P
N526I	NA	-4	0.65506	1	P
N526K	XLA	-1	-1.01282	1	P
N526S	NA	0	0.720835	0.9090909091	P
N526T	NA	0	-0.447275	0.9090909091	P
N526Y	NA	-3	0.345225	1	P
C527F	XLA	-3	0.369285	0.8181818182	P
C527G	NA	-3	2.8643	0.9090909091	P
C527R	NA	-4	3.12977	1	P
C527S	XLA	-1	1.22823	0.7272727273	P
C527W	NA	-3	1.39085	1	P
C527Y	NA	-3	1.78063	0.9090909091	P
L528F	NA	0	0.69825	0.9090909091	P
L528M	NA	2	2.09908	0.9090909091	P
L528S	NA	-3	3.59273	0.9090909091	P
L528V	NA	0	2.531	0.9090909091	P
L528W	NA	-2	3.4547	1	P
V529A	NA	-1	3.33581	1	P
V529E	NA	-3	3.14418	0.9090909091	P
V529G	NA	-4	5.279	0.8181818182	P
V529I	NA	2	0.08143	0.6363636364	P
V529L	NA	0	0.948845	0.6363636364	P
N530D	Putative neutral	5	1.21917	0.0833333333	N
N530H	NA	-1	0.5233	0.5833333333	P
N530I	NA	-4	-1.1628	0.9166666667	P
N530K	NA	-1	0.720305	0.6666666667	P
N530S	NA	0	1.37999	0.0833333333	N
N530T	NA	-1	0.358385	0.25	N
N530Y	NA	-3	1.59619	0.9166666667	P
D531A	NA	-1	-0.91241	0	N
D531E	NA	0	-0.622325	0	N
D531G	NA	-2	-0.007125	0.1666666667	N
D531H	NA	-1	-1.15725	0.1666666667	N
D531N	NA	0	-1.17727	0	N
D531V	NA	-3	-1.21218	0.1666666667	N
D531Y	NA	-3	-0.923835	0.75	P
Q532E	NA	1	2.06678	0	N
Q532H	NA	0	0.10197	0	N
Q532K	NA	0	0.68798	0.0833333333	N
Q532L	NA	-3	-0.080495	0.0833333333	N
Q532P	NA	-2	7.26342	0.3333333333	N
Q532R	NA	0	0.11785	0.0833333333	N
G533A	NA	-1	0.031035	0.1666666667	N
G533E	NA	-3	1.67933	0.5	P
G533R	NA	-3	1.4633	0.6666666667	P
G533V	NA	-2	-0.289555	0.5	P
V534A	NA	-1	1.09052	0.1666666667	N
V534D	NA	-3	1.55218	0.8333333333	P
V534F	NA	-2	0.08092	0.6666666667	P
V534G	NA	-3	2.05278	0.5833333333	P
V534I	NA	2	-1.73432	0	N
V534L	NA	0	-1.29774	0.1666666667	N
V535A	NA	-1	1.75823	0.9166666667	P
V535D	NA	-4	2.6471	1	P
V535F	XLA	-1	0.36936	1	P
V535G	NA	-4	4.57754	0.9166666667	P
V535I	NA	2	0.11632	0.3333333333	N
V535L	NA	0	-0.004235	0.75	P
K536E	NA	0	4.64311	1	P
K536I	NA	-3	3.26136	1	P
K536N	NA	-1	2.36131	1	P
K536Q	NA	1	0.54424	1	P
K536R	NA	2	-0.30462	0.9090909091	P
K536T	NA	-1	2.01611	1	P
V537A	NA	-1	1.6512	0.75	P
V537E	XLA	-3	2.41404	0.9166666667	P
V537G	NA	-4	3.35331	0.8333333333	P
V537I	NA	2	-1.16325	0	N
V537L	NA	0	0.368665	0.5833333333	P
S538A	NA	1	-0.28764	0	N
S538C	NA	-1	-1.21251	0.75	P
S538F	NA	-3	-2.59645	1	P
S538P	XLA	-1	10.4447	0.8333333333	P
S538T	NA	3	-1.01211	0.0833333333	N
S538Y	NA	-2	-0.276005	1	P
D539A	NA	-2	0.92941	1	P
D539E	NA	1	-0.222655	1	P
D539G	NA	-2	1.92198	1	P
D539H	NA	-2	-1.22384	1	P
D539N	NA	1	-1.32661	1	P
D539V	NA	-4	-0.511655	1	P
D539Y	NA	-4	-2.97417	1	P
F540C	NA	-3	3.26534	1	P
F540I	NA	-1	1.97106	1	P
F540L	NA	0	1.65014	1	P
F540S	XLA	-3	4.03867	1	P
F540V	NA	-1	2.93747	1	P
F540Y	NA	3	-0.009135	1	P
G541A	NA	0	-0.847745	0.9090909091	P
G541C	NA	-3	-1.0171	0.9090909091	P
G541D	XLA	-2	1.4314	0.9090909091	P
G541R	NA	-3	0.55751	1	P
G541S	NA	-1	-0.460795	0.9090909091	P
G541V	NA	-4	0.36701	1	P
L542M	Putative neutral	5	0.89238	0.0833333333	N
L542P	XLA	-3	12.429	1	P
L542Q	NA	-2	0.13989	0.9166666667	P
L542R	NA	-2	0.28869	0.9166666667	P
L542V	NA	0	1.08889	0.6666666667	P
S543A	NA	1	-0.524715	0	N
S543C	NA	-1	-1.44162	0.75	P
S543F	NA	-3	-2.42138	0.9166666667	P
S543P	NA	-1	3.9967	0.6666666667	P
S543T	NA	3	-1.06445	0.0833333333	N
S543Y	NA	-2	-0.394665	0.9166666667	P
R544G	XLA	-3	3.64203	0.9166666667	P
R544K	XLA	2	2.09755	0.75	P
R544M	NA	-2	1.7836	1	P
R544S	XLA	-1	3.08689	0.9166666667	P
R544T	XLA	-2	2.40106	1	P
R544W	NA	-3	2.67293	1	P
Y545C	NA	-3	2.16563	0.7272727273	P
Y545D	NA	-4	3.73296	0.7272727273	P
Y545F	NA	3	-0.408685	0.1818181818	N
Y545H	NA	1	0.89818	0.7272727273	P
Y545N	NA	-3	1.7498	0.7272727273	P
Y545S	NA	-2	3.42504	0.6363636364	P
V546A	XLA	-1	1.01693	0.5	P
V546D	NA	-4	1.76534	0.8	P
V546F	NA	-1	-1.8731	0.5	P
V546G	NA	-4	2.26641	0.6	P
V546I	NA	2	-1.34449	0.3	N
V546L	NA	0	-1.08869	0.3	N
L547M	NA	2	0.241905	0.0909090909	N
L547P	NA	-4	7.8386	0.8181818182	P
L547Q	NA	-3	0.176735	0.3636363636	N
L547R	NA	-3	-0.84685	0.6363636364	P
L547V	NA	0	1.69164	0.0909090909	N
D548A	NA	-2	-0.7343	0.8181818182	P
D548E	NA	1	-0.74809	0.6363636364	P
D548G	NA	-2	-0.048035	0.9090909091	P
D548H	NA	-2	-1.24795	0.9090909091	P
D548N	NA	1	-1.66248	0.5454545455	P
D548V	NA	-4	-0.973005	1	P
D548Y	NA	-4	-1.44724	0.9090909091	P
D549A	NA	-2	-1.4855	0.9090909091	P
D549E	NA	1	-0.751365	0.8181818182	P
D549G	NA	-2	-0.976495	0.9090909091	P
D549H	NA	-2	-1.97342	0.9090909091	P
D549N	NA	1	-1.44303	0.8181818182	P
D549V	XLA	-4	-2.78816	0.9090909091	P
D549Y	NA	-4	-0.968925	0.9090909091	P
E550A	NA	-1	0.4064	0.3333333333	N
E550D	NA	1	0.004855	0.25	N
E550G	NA	-3	1.66624	0.5833333333	N
E550K	NA	1	0.055451	0.3333333333	N
E550Q	Putative neutral	4	-0.50198	0	N
E550V	NA	-3	-0.29956	0.5833333333	P
Y551C	NA	-3	0.27402	1	P
Y551D	NA	-4	2.11116	1	P
Y551F	NA	3	-0.32875	0.9090909091	P
Y551H	XLA	1	0.50831	1	P
Y551N	NA	-3	0.498455	1	P
Y551S	NA	-2	1.31689	0.9090909091	P
T552A	NA	0	0.24484	0.1666666667	N
T552I	NA	0	-1.84614	0.1666666667	N
T552K	NA	-2	-1.02854	0.75	P
T552P	NA	-2	12.0043	0.9166666667	P
T552R	NA	-2	-2.32408	0.5	P
T552S	NA	0	0.025125	0.1666666667	N
S553C	NA	-1	-1.45005	0.4545454545	P
S553G	NA	-1	0.10653	0.6363636364	P
S553I	NA	-3	-1.86235	0.7272727273	P
S553N	NA	0	-1.46521	0.7272727273	P
S553R	NA	-1	-1.69561	0.9090909091	P
S553T	NA	1	-0.86016	0.5454545455	P
S554A	NA	1	0.19071	0.5454545455	P
S554L	NA	-3	0.028145	0.9090909091	P
S554P	NA	-1	-2.03509	0.8181818182	P
S554T	NA	1	-1.53994	0.6363636364	P
V555A	NA	-1	0.3879	0.0833333333	N
V555E	NA	-3	1.35682	0.4166666667	P
V555G	NA	-4	1.21751	0.3333333333	N
V555I	NA	2	-0.67062	0	N
V555L	NA	1	-0.27815	0	N
G556A	NA	0	5.5574	0.9090909091	P
G556C	NA	-3	3.79703	0.9090909091	P
G556D	NA	-2	7.66376	1	P
G556R	NA	-3	7.11574	1	P
G556S	NA	-1	4.40684	1	P
G556V	NA	-4	4.34195	1	P
S557A	NA	2	0.191395	0	N
S557C	NA	-1	-0.67238	0.5833333333	P
S557F	NA	-3	0.97072	0.9166666667	P
S557P	NA	-1	0.79606	0.5833333333	P
S557T	NA	3	-0.565285	0	N
S557Y	NA	-2	0.456055	0.8333333333	P
K558E	NA	0	1.40715	0.9090909091	P
K558I	NA	-3	0.15439	1	P
K558N	NA	-1	-0.412985	0.8181818182	P
K558Q	NA	1	-0.834625	0.5454545455	P
K558R	NA	2	-0.40815	0.2727272727	N
K558T	NA	-1	-0.04218	0.9090909091	P
F559C	NA	-3	2.99672	0.9090909091	P
F559I	NA	-1	3.48606	0.8181818182	P
F559L	NA	0	2.97891	0.7272727273	P
F559S	XLA	-3	4.00944	0.9090909091	P
F559V	NA	-1	5.43523	0.9090909091	P
F559Y	NA	3	-0.0805	0.9090909091	P
P560A	NA	-1	2.04008	0.9090909091	P
P560L	NA	-4	-0.02069	1	P
P560Q	NA	-2	0.888395	0.9090909091	P
P560R	NA	-3	-0.7892	0.9090909091	P
P560S	NA	-1	2.06602	0.9090909091	P
P560T	NA	-2	1.8431	0.9090909091	P
V561A	NA	-1	2.80874	0.8333333333	P
V561D	NA	-4	2.12143	1	P
V561F	NA	-1	4.38957	0.9166666667	P
V561G	NA	-4	4.15393	0.9166666667	P
V561I	NA	2	-1.49087	0.0833333333	N
V561L	NA	0	0.672875	0.5	P
R562G	NA	-3	5.82965	1	P
R562L	XLA	-3	1.70745	0.9166666667	P
R562P	XLA	-2	5.68389	1	P
R562Q	NA	1	2.87014	0.75	P
R562W	XLA	-3	0.232955	1	P
W563C	NA	-3	4.68433	1	P
W563G	NA	-3	7.27737	1	P
W563L	XLA	-2	3.60491	1	P
W563R	NA	-3	5.47656	1	P
W563S	NA	-3	6.47842	1	P
S564A	NA	1	-0.24206	0.25	N
S564C	NA	-1	-1.5248	0.4166666667	N
S564F	NA	-3	-2.07579	0.75	P
S564P	NA	-1	68.2659	0.75	P
S564T	NA	1	-1.00299	0.3333333333	N
S564Y	NA	-2	-1.2025	0.75	P
P565A	NA	2	2.71792	0.0833333333	N
P565L	XLA	-3	4.82455	0.8333333333	P
P565Q	NA	-2	3.47329	0.6666666667	P
P565R	NA	-2	3.94588	0.8333333333	P
P565S	NA	-1	2.47834	0.1666666667	N
P565T	XLA	-1	2.23974	0.5	P
P566A	NA	-1	2.7439	0.8181818182	P
P566L	NA	-4	0.033325	0.8181818182	P
P566Q	NA	-2	1.04353	0.8181818182	P
P566R	NA	-3	0.410535	1	P
P566S	XLA	-1	1.8104	0.7272727273	P
P566T	NA	-2	2.10501	0.8181818182	P
E567A	NA	-1	1.85903	1	P
E567D	XLA	1	1.02205	1	P
E567G	NA	-3	3.28735	1	P
E567K	XLA	0	1.44529	1	P
E567Q	XLA	2	-1.19026	1	P
E567V	NA	-3	0.170965	1	P
V568A	NA	-1	1.72491	0.4545454545	N
V568D	NA	-4	2.94082	1	P
V568F	NA	-1	1.78371	0.7272727273	P
V568G	NA	-4	3.41236	0.7272727273	P
V568I	NA	2	0.26252	0.3636363636	N
V568L	NA	0	0.145075	0.4545454545	N
L569M	NA	1	1.04229	0.3333333333	N
L569P	XLA	-4	8.95806	1	P
L569Q	NA	-3	0.101305	0.8333333333	P
L569R	NA	-3	0.17071	1	P
L569V	NA	0	0.9518	0.25	N
M570I	NA	0	-0.826555	0	N
M570K	NA	-2	-0.02715	0.0833333333	N
M570L	NA	3	-1.11464	0	N
M570R	NA	-2	-0.62643	0	N
M570T	NA	-2	-0.543395	0	N
M570V	NA	0	-0.30861	0	N
Y571C	NA	-3	-1.04064	0.9166666667	P
Y571D	NA	-4	0.755314	0.8333333333	P
Y571F	NA	3	-0.70675	0	N
Y571H	NA	1	-0.02334	0.5	P
Y571N	NA	-3	-1.1259	0.9166666667	P
Y571S	NA	-2	-0.613475	0.75	P
S572C	Putative neutral	6	-1.19074	0	N
S572G	NA	-2	-0.162095	0.0833333333	N
S572I	NA	-2	-0.02693	0.3333333333	N
S572N	NA	-1	-0.64435	0.1666666667	N
S572R	NA	-2	-0.049665	0.3333333333	N
S572T	NA	0	-0.803925	0	N
K573E	NA	0	0.456106	0.9090909091	P
K573M	NA	-2	-0.710575	0.7272727273	P
K573N	NA	-1	-0.765215	0.4545454545	P
K573Q	NA	1	-1.47328	0.6363636364	P
K573R	NA	2	-1.58849	0	N
K573T	NA	-1	-0.517045	0.7272727273	P
F574C	NA	-3	0.90296	1	P
F574I	NA	-1	-0.16819	0.9166666667	P
F574L	NA	0	0.00132	0.8333333333	P
F574S	NA	-3	2.04468	1	P
F574V	NA	-1	0.73727	0.9166666667	P
F574Y	Putative neutral	5	-0.1728	0.25	N
S575C	NA	-1	-1.30497	0.9090909091	P
S575G	NA	-1	0.673035	0.8181818182	P
S575I	XLA	-3	-2.00327	1	P
S575N	NA	0	-1.03525	1	P
S575R	XLA	-1	-0.26222	0.9090909091	P
S575T	NA	1	-0.52585	0.4545454545	P
S576C	NA	-1	-1.1689	0.8181818182	P
S576G	NA	-1	0.966995	0.7272727273	P
S576I	NA	-3	-1.47194	0.6363636364	P
S576N	NA	0	-0.549695	0.7272727273	P
S576R	NA	-1	-1.0608	0.9090909091	P
S576T	NA	1	-1.03669	0.3636363636	N
K577E	NA	0	2.36937	1	P
K577I	XLA	-3	1.51022	1	P
K577N	XLA	-1	1.35102	1	P
K577Q	NA	1	0.806235	0.9090909091	P
K577R	NA	2	0.26757	0.8181818182	P
K577T	NA	-1	1.38641	0.9090909091	P
S578A	NA	1	-0.5745	0.9090909091	P
S578C	NA	-1	-1.47494	1	P
S578F	NA	-3	-0.63589	1	P
S578P	XLA	-1	1.74312	1	P
S578T	NA	1	-1.37633	0.8181818182	P
S578Y	XLA	-2	-0.25212	1	P
D579A	NA	-2	1.1953	1	P
D579E	NA	1	-0.428125	1	P
D579G	NA	-2	2.62734	1	P
D579H	NA	-2	-0.268952	1	P
D579N	XLA	1	-1.75634	1	P
D579V	XLA	-4	-1.8388	1	P
D579Y	NA	-4	2.6664	1	P
I580F	NA	-1	3.43561	0.6666666667	P
I580L	NA	1	0.947675	0.4166666667	N
I580M	NA	0	2.62821	0.3333333333	N
I580N	NA	-4	0.917645	0.8333333333	P
I580S	NA	-2	3.37381	0.75	P
I580T	NA	-1	1.66265	0.5	P
I580V	Putative neutral	5	0.63131	0	N
W581C	XLA	-3	5.30196	1	P
W581G	NA	-3	8.20676	1	P
W581L	NA	-2	3.94107	1	P
W581R	XLA	-3	4.90834	1	P
W581S	XLA	-3	6.36591	1	P
A582D	XLA	-2	2.24604	0.9166666667	P
A582G	NA	0	1.75342	0.6666666667	P
A582P	NA	-1	28.5609	1	P
A582S	NA	2	0.140995	0.0833333333	N
A582T	NA	0	0.604675	0.75	P
A582V	XLA	-1	4.45827	0.8333333333	P
F583C	NA	-3	4.05116	1	P
F583I	NA	-1	2.68193	0.9166666667	P
F583L	NA	0	1.8958	0.9166666667	P
F583S	XLA	-3	5.43899	1	P
F583V	NA	-1	3.78407	0.9166666667	P
F583Y	Putative neutral	5	0.165175	0.5833333333	N
G584A	NA	0	1.58479	1	P
G584E	NA	-3	8.66579	1	P
G584R	XLA	-3	10.0016	1	P
G584V	XLA	-4	6.08384	1	P
G584W	XLA	-3	7.4272	1	P
V585A	NA	-1	2.04526	0.8333333333	P
V585D	NA	-4	2.91356	1	P
V585F	XLA	-1	1.16558	1	P
V585G	NA	-4	3.94386	0.9166666667	P
V585I	Putative neutral	4	-0.23066	0	N
V585L	NA	1	1.65324	0.75	P
L586F	NA	0	-1.0399	0.7272727273	P
L586M	NA	2	0.96533	1	P
L586S	NA	-3	2.24303	1	P
L586V	NA	0	-0.908705	0.3636363636	N
L586W	NA	-2	1.41685	1	P
M587I	NA	1	-0.500805	0.8333333333	P
M587K	NA	-2	-0.79037	1	P
M587L	XLA	3	-0.889665	0.25	N
M587R	NA	-2	-1.86	1	P
M587T	XLA	-1	1.09238	0.9166666667	P
M587V	NA	0	0.07201	0.75	P
W588C	XLA	-3	4.47063	0.9090909091	P
W588G	NA	-3	7.32909	0.9090909091	P
W588L	NA	-2	3.17497	0.8181818182	P
W588R	XLA	-3	4.14826	1	P
W588S	NA	-3	5.6236	0.9090909091	P
E589A	NA	-1	3.17056	0.9090909091	P
E589D	XLA	1	2.85461	0.9090909091	P
E589G	XLA	-3	5.75832	0.9090909091	P
E589K	XLA	0	3.02624	0.9090909091	P
E589Q	NA	2	-1.06827	0.9090909091	P
E589V	NA	-3	1.4495	1	P
I590F	XLA	-1	0.591695	0.6666666667	P
I590L	NA	1	-0.13858	0.25	N
I590M	NA	0	1.19378	0.3333333333	N
I590N	NA	-4	1.4846	0.9166666667	P
I590S	NA	-2	3.72949	1	P
I590T	NA	-1	2.06599	0.6666666667	P
I590V	Putative neutral	5	1.56232	0	N
Y591C	NA	-3	3.32315	0.8333333333	P
Y591D	NA	-4	4.41758	1	P
Y591F	Putative neutral	5	-0.450155	0.0833333333	N
Y591H	NA	1	1.10858	0.75	P
Y591N	NA	-3	1.81487	0.75	P
Y591S	XLA	-2	4.54872	0.75	P
S592A	NA	1	0.022835	0.8333333333	P
S592C	NA	-1	-1.14683	1	P
S592F	NA	-3	-0.98732	1	P
S592P	XLA	-1	45.418	0.9166666667	P
S592T	NA	3	-0.95403	0	N
S592Y	XLA	-2	-1.22391	1	P
L593M	NA	2	0.839215	0.4166666667	P
L593P	NA	-4	5.04218	0.6666666667	P
L593Q	NA	-3	1.59769	0.4166666667	N
L593R	NA	-3	0.064505	0.5833333333	P
L593V	NA	0	0.746825	0.25	N
G594A	NA	0	1.51608	1	P
G594E	XLA	-3	7.44402	1	P
G594R	XLA	-3	9.69236	1	P
G594V	NA	-4	6.33478	1	P
G594W	NA	-3	8.3727	1	P
K595E	NA	0	0.25604	0.5	P
K595M	NA	-2	-0.866805	0.6666666667	P
K595N	NA	-1	-0.765485	0.5833333333	P
K595Q	NA	1	-1.3089	0.5	P
K595R	NA	2	-1.23891	0.0833333333	N
K595T	NA	-1	-0.913115	0.4166666667	P
M596I	NA	0	-0.712305	0	N
M596K	NA	-1	-0.00541	0.5833333333	P
M596L	NA	2	-1.2159	0.0833333333	N
M596R	NA	-1	-0.826865	0.5	P
M596T	NA	-1	0.491485	0.1666666667	N
M596V	NA	0	-0.143455	0.0833333333	N
P597A	NA	-1	2.36774	0.9090909091	P
P597L	NA	-4	2.89941	1	P
P597Q	NA	-2	1.03209	1	P
P597R	NA	-3	3.03367	1	P
P597S	NA	-1	2.50772	0.9090909091	P
P597T	XLA	-2	2.39846	0.9090909091	P
Y598C	XLA	-3	2.33979	1	P
Y598D	XLA	-4	3.33903	1	P
Y598F	NA	3	-0.345575	0.8181818182	P
Y598H	NA	1	1.20454	1	P
Y598N	NA	-3	2.14353	1	P
Y598S	XLA	-2	3.33678	1	P
E599A	NA	-2	-0.382804	0.0833333333	N
E599D	Putative neutral	4	-0.1881	0	N
E599G	NA	-2	0.403981	0.1666666667	N
E599K	NA	0	1.53917	0.1666666667	N
E599Q	NA	1	-0.964844	0	N
E599V	NA	-3	-0.977774	0.75	P
R600G	NA	-3	-0.012145	0.1666666667	N
R600I	NA	-1	-1.89562	0.4166666667	P
R600K	NA	1	-0.74445	0	N
R600S	NA	-2	-0.97666	0.1666666667	N
R600T	NA	-2	-0.58807	0.1666666667	N
F601C	NA	-3	0.167225	0.5833333333	P
F601I	NA	0	-0.66117	0.25	N
F601L	NA	2	-1.05328	0.0833333333	N
F601S	NA	-3	1.23285	0.4166666667	N
F601V	NA	-1	0.93021	0.4166666667	P
F601Y	Putative neutral	5	-0.2648	0	N
T602A	NA	-2	1.45244	0	N
T602I	NA	-3	-0.34895	0.1666666667	N
T602N	Putative neutral	5	-0.19091	0	N
T602P	NA	-2	1.10624	0.3333333333	N
T602S	NA	0	0.55793	0	N
N603D	NA	1	0.61682	1	P
N603H	NA	0	-0.454265	1	P
N603I	NA	-4	-0.655475	1	P
N603K	NA	-1	-0.493775	1	P
N603S	NA	0	1.13216	1	P
N603T	NA	0	0.087555	1	P
N603Y	NA	-3	-0.636475	1	P
S604C	NA	-2	-1.11721	0.4166666667	P
S604G	NA	-1	0.59004	0.0833333333	N
S604I	NA	-3	-0.83283	0.25	N
S604N	NA	0	-0.341175	0.0833333333	N
S604R	NA	-1	0.09542	0.3333333333	N
S604T	NA	1	-0.664125	0	N
E605A	NA	-1	0.73023	0.5833333333	P
E605D	NA	1	0.41127	0.0833333333	N
E605G	NA	-3	1.23941	0.8333333333	P
E605K	NA	1	-0.43637	0.5833333333	P
E605Q	Putative neutral	4	-1.70772	0	N
E605V	NA	-3	-0.412325	0.75	P
T606A	NA	-1	0.897465	0.1666666667	N
T606I	NA	3	-0.71295	0.0833333333	N
T606N	NA	-2	-1.55972	0.5	P
T606P	XLA	-2	33.4816	0.6666666667	P
T606S	NA	0	0.539675	0.25	N
A607D	XLA	-3	0.16209	0.75	P
A607G	NA	-2	1.30592	0.3333333333	N
A607P	NA	-2	25.2408	0.75	P
A607S	NA	0	-0.279715	0.25	N
A607T	NA	2	-0.81068	0.1666666667	N
A607V	Putative neutral	4	-0.384815	0	N
E608A	NA	-2	-0.014495	0.1666666667	N
E608D	NA	3	0.27612	0	N
E608G	NA	-3	0.948	0.1666666667	N
E608K	NA	-1	-0.555075	0.1666666667	N
E608Q	NA	0	-1.70804	0.1666666667	N
E608V	NA	-2	-0.855385	0	N
H609D	NA	-1	1.06771	0.25	N
H609L	NA	-3	-0.909845	0.25	N
H609N	NA	0	-0.795815	0.1666666667	N
H609P	NA	-2	4.98482	0.5833333333	P
H609Q	NA	1	0.004665	0	N
H609R	NA	1	-0.77898	0	N
H609Y	NA	0	-1.74564	0.5833333333	P
I610F	NA	-1	-0.04368	0.5	P
I610L	NA	1	-0.62744	0	N
I610M	NA	0	0.61521	0.5	P
I610N	NA	-4	1.32368	0.75	P
I610S	NA	-2	3.10063	0.6666666667	P
I610T	NA	-1	1.56765	0.5833333333	P
I610V	Putative neutral	5	1.08237	0	N
A611D	NA	-2	0.897679	0.4166666667	N
A611G	NA	-1	0.86864	0.0833333333	N
A611P	NA	-2	26.0033	0.5	P
A611S	Putative neutral	4	-0.305105	0	N
A611T	NA	0	-0.594395	0	N
A611V	NA	0	-2.09841	0	N
Q612E	NA	1	1.5979	0	N
Q612H	NA	0	-0.05539	0.25	N
Q612K	NA	1	0.42439	0.0833333333	N
Q612L	NA	-3	-0.59948	0.25	N
Q612P	XLA	-2	5.92461	0.5833333333	P
Q612R	NA	0	-0.278875	0	N
G613A	XLA	0	0.8042	1	P
G613C	NA	-3	-0.837935	1	P
G613D	XLA	-2	1.40499	1	P
G613R	NA	-3	0.13902	1	P
G613S	NA	-1	-0.30593	1	P
G613V	NA	-4	-0.40809	1	P
L614I	NA	-1	-0.54606	0.0833333333	N
L614P	NA	-3	8.60073	0.4166666667	N
L614Q	NA	-1	-0.79138	0.0833333333	N
L614R	NA	3	-0.266775	0.1666666667	N
L614V	NA	-1	-0.25674	0	N
R615C	NA	-4	2.98436	1	P
R615G	NA	-3	5.17151	1	P
R615H	NA	-1	2.89755	1	P
R615L	NA	-3	2.39313	1	P
R615P	XLA	-3	6.06356	1	P
R615S	XLA	-1	4.32646	1	P
L616F	XLA	0	1.97688	0.8181818182	P
L616H	NA	-3	1.30666	1	P
L616I	XLA	1	0.262895	0.8181818182	P
L616P	NA	-4	1.976	0.9090909091	P
L616R	NA	-3	3.37031	1	P
L616V	XLA	0	1.05988	0.8181818182	P
Y617C	NA	-3	-1.03262	0.6666666667	P
Y617D	NA	-4	0.864929	0.5	P
Y617F	NA	3	-0.87605	0.3333333333	N
Y617H	NA	1	-0.45708	0.4166666667	P
Y617N	NA	-3	-0.02938	0.5833333333	P
Y617S	NA	-2	-0.24528	0.4166666667	P
R618G	NA	-3	3.71044	0.7272727273	P
R618K	NA	2	1.65803	0.2727272727	N
R618M	NA	-2	1.25368	0.6363636364	P
R618S	NA	-1	2.36337	0.6363636364	P
R618T	NA	-2	1.82519	0.6363636364	P
R618W	NA	-3	2.38983	0.8181818182	P
P619A	XLA	-1	2.57754	1	P
P619H	NA	-3	4.07749	1	P
P619L	XLA	-4	6.8745	1	P
P619R	NA	-3	2.63753	1	P
P619S	XLA	-1	2.51329	1	P
P619T	XLA	-2	2.84073	1	P
H620D	NA	-1	0.060134	0.1666666667	N
H620L	NA	-3	-0.85094	0.1666666667	N
H620N	NA	0	-0.746645	0.0833333333	N
H620P	NA	-2	-1.34249	0.3333333333	N
H620Q	Putative neutral	5	-1.18745	0	N
H620R	NA	0	-0.57232	0	N
H620Y	NA	0	-1.20732	0.0833333333	N
L621M	NA	1	0.56222	0	N
L621P	NA	-3	5.04508	0.75	P
L621Q	NA	3	0.23925	0	N
L621R	NA	-2	0.056445	0.5833333333	P
L621V	NA	0	1.14639	0.25	N
A622D	NA	-2	2.06385	1	P
A622G	NA	0	1.84599	0.9166666667	P
A622P	XLA	-1	8.41728	0.9166666667	P
A622S	NA	1	-0.40778	0.5	P
A622T	NA	0	0.69877	0.75	P
A622V	NA	-1	0.275495	0.8333333333	P
S623A	NA	1	0.1861	0.25	N
S623L	XLA	-3	-1.1624	0.5	P
S623P	NA	-1	-1.49685	0.25	N
S623T	NA	1	-0.783875	0.25	N
E624A	NA	-2	-0.547366	0.0833333333	N
E624D	Putative neutral	4	-0.33364	0	N
E624G	NA	-2	0.066129	0.0833333333	N
E624K	NA	0	-0.109682	0.0833333333	N
E624Q	NA	1	-1.3882	0	N
E624V	NA	-3	-0.562491	0.3333333333	N
K625E	NA	0	2.43121	0	N
K625M	NA	-2	0.25907	0.0833333333	N
K625N	NA	-1	0.61871	0.0833333333	N
K625Q	NA	0	-0.274595	0	N
K625R	NA	3	1.03321	0	N
K625T	NA	3	-0.389575	0	N
V626A	NA	-1	1.44469	0.75	P
V626E	NA	-3	0.293527	1	P
V626G	XLA	-4	3.74687	0.9166666667	P
V626I	Putative neutral	4	-1.72865	0	N
V626L	NA	1	-0.670545	0.0833333333	N
Y627C	NA	-3	0.980195	1	P
Y627D	NA	-4	2.6977	1	P
Y627F	NA	3	-0.4091	0.5	P
Y627H	NA	1	0.745765	0.75	P
Y627N	NA	-3	1.46657	1	P
Y627S	NA	-2	1.7075	1	P
T628A	NA	3	0.306125	0	N
T628I	NA	-2	-0.6704	0.0833333333	N
T628N	NA	-1	-0.7005	0	N
T628P	NA	-1	26.7054	0.25	N
T628S	NA	1	-0.04524	0	N
I629F	NA	-1	-1.7755	0.75	P
I629L	NA	1	0.03341	0.0833333333	N
I629M	NA	1	2.26086	0.4166666667	P
I629N	NA	-4	1.46226	0.9166666667	P
I629S	NA	-3	2.6004	0.8333333333	P
I629T	NA	-1	1.80391	0.6666666667	P
I629V	NA	3	0.89937	0	N
M630I	NA	1	0.543815	1	P
M630K	XLA	-2	-0.145905	1	P
M630L	NA	2	-0.746565	0.9090909091	P
M630R	NA	-2	2.78394	1	P
M630T	XLA	-1	2.60837	1	P
M630V	XLA	0	2.25379	1	P
Y631C	NA	-2	0.40436	0.5833333333	P
Y631D	NA	-3	2.22796	0.4166666667	N
Y631F	NA	2	-0.481155	0.25	N
Y631H	NA	1	0.31399	0.3333333333	N
Y631N	NA	-2	0.29265	0.4166666667	N
Y631S	NA	-1	1.20912	0.3333333333	N
S632C	NA	-1	-1.99246	0.5	P
S632G	NA	-1	0.48001	0.25	N
S632I	NA	-3	-2.94607	0.5833333333	P
S632N	NA	0	-1.57635	0.3333333333	N
S632R	NA	-1	-1.51251	0.4166666667	N
S632T	NA	1	-0.99766	0.25	N
C633F	NA	-3	2.20938	1	P
C633G	NA	-3	3.09192	1	P
C633R	NA	-4	-1.69379	1	P
C633S	NA	-1	0.890965	0.9166666667	P
C633W	NA	-3	6.04684	1	P
C633Y	XLA	-3	5.62131	1	P
W634C	XLA	-3	6.08934	1	P
W634G	NA	-3	9.99864	1	P
W634L	XLA	-2	3.65101	1	P
W634R	NA	-3	3.81837	1	P
W634S	XLA	-3	7.46479	1	P
H635D	NA	-2	0.994789	0.4166666667	P
H635L	NA	-3	-1.17883	0.4166666667	P
H635N	NA	0	-0.43051	0.4166666667	P
H635P	NA	-3	7.02485	0.5833333333	P
H635Q	NA	0	-0.73905	0.4166666667	P
H635R	NA	-1	-1.07924	0.3333333333	N
H635Y	NA	1	-0.33036	0.5833333333	P
E636A	NA	-1	0.002574	0.5833333333	P
E636D	NA	1	0.03224	0.25	N
E636G	NA	-3	0.725454	0.6666666667	P
E636K	NA	0	-0.255055	0.3333333333	N
E636Q	NA	2	-1.95244	0.4166666667	P
E636V	NA	-3	-0.632731	0.6666666667	P
K637E	NA	0	0.923337	0.0833333333	N
K637I	NA	-1	-0.902415	0.3333333333	N
K637N	NA	-1	-0.52162	0.0833333333	N
K637Q	NA	0	-0.679505	0.1666666667	N
K637R	NA	1	-0.74394	0	N
K637T	NA	-1	-0.74448	0.1666666667	N
A638E	NA	-1	0.38714	0.6666666667	P
A638G	NA	-1	1.00779	0.4166666667	P
A638P	Putative neutral	5	-1.41111	0	N
A638S	NA	0	-0.240305	0.3333333333	N
A638T	NA	-1	0.029775	0.4166666667	P
A638V	NA	-1	0.145815	0.5833333333	P
D639A	NA	-2	-0.496127	0.25	N
D639E	Putative neutral	4	-0.46184	0	N
D639G	NA	-2	-0.053862	0.25	N
D639H	NA	-1	-0.602657	0.4166666667	P
D639N	NA	0	-1.47991	0.0833333333	N
D639V	NA	-3	-1.53295	0.5	P
D639Y	NA	-3	-0.468672	0.6666666667	P
E640A	NA	-1	-0.209779	0.0833333333	N
E640D	NA	1	0.18091	0	N
E640G	NA	-3	0.862896	0.0833333333	N
E640K	NA	3	-0.106484	0	N
E640Q	NA	1	-1.24128	0	N
E640V	NA	-3	-1.17436	0.25	N
R641C	XLA	-4	6.54601	1	P
R641G	XLA	-3	9.43566	1	P
R641H	XLA	-1	7.93142	1	P
R641L	NA	-3	5.78476	1	P
R641P	NA	-3	13.2867	1	P
R641S	NA	-1	7.88071	1	P
P642A	NA	-1	2.39269	0.8181818182	P
P642H	NA	-3	3.17833	1	P
P642L	NA	-4	0.26397	1	P
P642R	XLA	-3	0.717965	1	P
P642S	NA	-1	2.60634	0.9090909091	P
P642T	NA	-2	1.89235	0.8181818182	P
T643A	NA	0	0.53447	0.0833333333	N
T643I	XLA	-1	-0.589985	0.5	P
T643N	NA	0	0.129505	0.3333333333	N
T643P	NA	-2	0.76184	0.5	P
T643S	NA	1	0.473965	0	N
F644C	NA	-3	3.1441	1	P
F644I	NA	-1	2.44346	0.9090909091	P
F644L	XLA	0	0.884125	0.9090909091	P
F644S	XLA	-3	4.25833	1	P
F644V	NA	-1	2.47992	0.9090909091	P
F644Y	XLA	3	-0.10567	0.9090909091	P
K645E	NA	3	0.58066	0	N
K645I	NA	-3	-0.98513	0.0833333333	N
K645N	NA	0	-0.77256	0.0833333333	N
K645Q	Putative neutral	4	-0.742405	0	N
K645R	NA	0	-0.07025	0	N
K645T	NA	-1	-0.508895	0	N
I646F	NA	-3	0.76925	0.0833333333	N
I646L	NA	-1	-0.36421	0.0833333333	N
I646M	NA	-1	0.33451	0	N
I646N	NA	-1	0.73945	0.1666666667	N
I646S	NA	-1	1.52543	0	N
I646T	NA	-1	0.30067	0	N
I646V	NA	0	0.479245	0	N
L647F	NA	0	-1.09921	0.9090909091	P
L647H	NA	-3	0.35053	1	P
L647I	NA	1	0.757975	0.6363636364	P
L647P	XLA	-4	36.0246	1	P
L647R	XLA	-3	3.21147	1	P
L647V	NA	0	1.60808	0.7272727273	P
L648M	NA	1	1.24594	0	N
L648P	XLA	-3	40.569	1	P
L648Q	NA	-3	0.238675	0.6666666667	P
L648R	NA	-3	0.076035	0.6666666667	P
L648V	NA	2	-0.160645	0	N
S649C	NA	-2	-1.30533	0.0833333333	N
S649G	NA	3	0.83043	0	N
S649I	NA	-1	-1.40002	0.25	N
S649N	NA	-1	-0.775245	0.1666666667	N
S649R	NA	-2	-0.69472	0.25	N
S649T	NA	0	-0.70935	0.0833333333	N
N650D	NA	0	1.10717	0	N
N650H	NA	-1	-0.63926	0	N
N650I	NA	-3	-2.25207	0.0833333333	N
N650K	NA	-1	-0.67533	0	N
N650S	Putative neutral	4	-0.38206	0	N
N650T	NA	3	-1.11398	0	N
N650Y	NA	-2	-0.281875	0.1666666667	N
I651F	NA	-1	0.45066	0.5833333333	P
I651L	NA	1	0.313055	0	N
I651M	NA	1	2.17628	0.1666666667	N
I651N	NA	-4	1.66959	0.75	P
I651S	XLA	-3	3.50918	0.6666666667	P
I651T	XLA	-1	1.94124	0.5	P
I651V	NA	3	1.19472	0	N
L652I	NA	0	0.34528	0.0833333333	N
L652P	XLA	-2	37.1621	0.5833333333	P
L652Q	NA	3	0.696845	0.1666666667	N
L652R	NA	-1	0.01025	0.3333333333	N
L652V	NA	2	0.425575	0	N
D653A	NA	NA	-1.62156	0.0833333333	N
D653E	NA	NA	-1.15483	0.0833333333	N
D653G	NA	NA	-0.538458	0.25	N
D653H	NA	NA	-1.67672	0.3333333333	N
D653N	NA	NA	-2.02819	0.0833333333	N
D653V	NA	NA	-2.49332	0.6666666667	P
D653Y	NA	NA	-1.6276	0.6666666667	P
V654A	NA	NA	2.23815	0.0833333333	N
V654D	NA	NA	2.81984	0.5	P
V654F	NA	NA	0.37261	0.25	N
V654G	NA	NA	2.65913	0.25	N
V654I	NA	NA	0.11296	0	N
V654L	NA	NA	1.08686	0.0833333333	N
M655I	NA	NA	-0.668995	0.1666666667	N
M655K	NA	NA	-0.35181	0.4166666667	P
M655L	NA	NA	-1.39556	0	N
M655R	NA	NA	0.137175	0.3333333333	N
M655T	NA	NA	0.538415	0.1666666667	N
M655V	NA	NA	-0.280595	0	N
